Qsort_Numb, Qsort_Time, Qsort_Iterations, Bubble_Numb, Bubble_Time, Bubble_Iterations
1000, 0.0001912s, 0000000000000000, 
2000, 0.0003765s, 0000000000000000, 
3000, 0.0006311s, 0000000000000000, 
4000, 0.0008462s, 0000000000000000, 
5000, 0.001114s, 0000000000000000, 
